Book Id,name,Author,Author l-f,Additional Authors,ISBN,ISBN13,My Rating,Average Rating,Publisher,Binding,Number of Pages,Year Published,Original Publication Year,Date Read,Date Added,Bookshelves,Bookshelves with positions,Exclusive Shelf,My Review,Spoiler,Private Notes,Read Count,Recommended For,Recommended By,Owned Copies,Original Purchase Date,Original Purchase Location,Condition,Condition Description,BCID,price,layout,cover,excerpt,book-link,tweet,categories,tags
18730696,The Soul of the World,Roger Scruton,"Scruton, Roger",,0691161577,9780691161570,0,4.02,Princeton University Press,Hardcover,205,2014,2014,,2/28/2017,altright,altright (#235),read,,,,0,,,0,,,,,,0,book,,,http://amzn.to/2le3LWc,The Soul of the World by Roger Scruton http://amzn.to/2le3LWc,altright,altright
41589,The Affluent Society,John Kenneth Galbraith,"Galbraith, John Kenneth",,0140285199,9780140285192,0,3.99,,Paperback,276,1999,1958,,2/28/2017,altright,altright (#234),read,,,,0,,,0,,,,,,0,book,,,,,altright,altright
5887138,The Narcissism Epidemic: Living in the Age of Entitlement,Jean M. Twenge,"Twenge, Jean M.",W. Keith Campbell,1416575987,9781416575986,0,3.66,Atria Books,Hardcover,352,2009,2009,,2/28/2017,altright,altright (#233),read,,,,0,,,0,,,,,,0,book,,,,,altright,altright
921689,And Time Rolls On: The Savitri Devi Interviews,Savitri Devi,"Devi, Savitri",,0974626430,9780974626437,0,4.57,,,,,2006,,2/28/2017,altright,altright (#232),read,,,,0,,,0,,,,,,0,book,,,,,altright,altright
921692,The Lightning And The Sun,Savitri Devi,"Devi, Savitri",,0937944149,9780937944141,0,4.15,,,,,2013,,2/28/2017,altright,altright (#231),read,,,,0,,,0,,,,,,0,book,,,,,altright,altright
2204536,Not Just for the Money: Economic Theory of Personal Motivation,Bruno S. Frey,"Frey, Bruno S.",,1858988454,9781858988450,0,3.25,Edward Elgar Publishing Ltd,Paperback,168,1998,1997,,2/28/2017,altright,altright (#230),read,,,,0,,,0,,,,,,0,book,,,,,altright,altright
355190,Orientalism,Edward Said,"Said, Edward",,039474067X,9780394740676,0,4.07,Vintage,Paperback,395,1979,1978,,2/28/2017,altright,altright (#229),read,,,,0,,,0,,,,,,0,book,,,,,altright,altright
5246948,The Lost Philosopher: The Best of Anthony M. Ludovici,Anthony Mario Ludovici,"Ludovici, Anthony Mario",John V. Day,0974626406,9780974626406,0,4.25,,,320,,2013,,2/28/2017,altright,altright (#228),read,,,,0,,,0,,,,,,0,book,,,,,altright,altright
18267685,I Do Not Belong to the Baader-Meinhof Group and Other Poems,Juleigh Howard-Hobson,"Howard-Hobson, Juleigh",,1935965565,9781935965565,0,3.8,Counter-Currents Publishing,Hardcover,114,2013,2013,,2/28/2017,altright,altright (#227),read,,,,0,,,0,,,,,,0,book,,,,,altright,altright
17160008,"Feral: Rewilding the Land, the Sea and Human Life",George Monbiot,"Monbiot, George",,0670067172,9780670067176,0,4.16,Allen Lane,Hardcover,256,2013,2013,,2/28/2017,altright,altright (#226),read,,,,0,,,0,,,,,,0,book,,,,,altright,altright
18267686,Lost Violent Souls,Andy Nowicki,"Nowicki, Andy",,1935965735,9781935965732,0,3.33,Counter-Currents Publishing,Hardcover,105,2013,2013,,2/28/2017,altright,altright (#225),read,,,,0,,,0,,,,,,0,book,,,,,altright,altright
26069,Making Democracy Work: Civic Traditions in Modern Italy,Robert D. Putnam,"Putnam, Robert D.",,0691037388,9780691037387,0,3.77,Princeton University Press,Paperback,280,1994,1992,,2/28/2017,altright,altright (#224),read,,,,0,,,0,,,,,,0,book,,,,,altright,altright
21082138,The Non-Hindu Indians and Indian Unity,Savitri Devi,"Devi, Savitri",,,,0,2,Counter-Currents Publishing,Kindle Edition,53,2013,2013,,2/28/2017,altright,altright (#223),read,,,,0,,,0,,,,,,0,book,,,,,altright,altright
245170,Devil's Game: How the United States Helped Unleash Fundamentalist Islam,Robert Dreyfuss,"Dreyfuss, Robert",,0805081372,9780805081374,0,3.87,Metropolitan Books,Paperback,400,2006,2005,,2/28/2017,altright,altright (#222),read,,,,0,,,0,,,,,,0,book,,,,,altright,altright
661211,Occidentalism: The West in the Eyes of Its Enemies,Ian Buruma,"Buruma, Ian",Avishai Margalit,0143034871,9780143034872,0,3.51,Penguin Books,Paperback,176,2005,2004,,2/28/2017,altright,altright (#221),read,,,,0,,,0,,,,,,0,book,,,,,altright,altright
472331,Watchmen,Alan Moore,"Moore, Alan","Dave Gibbons, John Higgins",0930289234,9780930289232,0,4.34,DC Comics,Paperback,416,2005,1987,,2/28/2017,altright,altright (#220),read,,,,0,,,0,,,,,,0,book,,,,,altright,altright
6452731,Justice: What's the Right Thing to Do?,Michael J. Sandel,"Sandel, Michael J.",,0374180652,9780374180652,0,4.24,"Farrar, Straus and Giroux",Hardcover,308,2009,2009,,2/28/2017,altright,altright (#219),read,,,,0,,,0,,,,,,0,book,,,,,altright,altright
11553263,Hold Back This Day,Ward Kendall,"Kendall, Ward",,1935965174,9781935965176,0,4.04,Counter-Currents Publishing,Paperback,214,2011,2001,,2/28/2017,altright,altright (#218),read,,,,0,,,0,,,,,,0,book,,,,,altright,altright
7848263,The Politics of Extremism in South Asia,Deepa M. Ollapally,"Ollapally, Deepa M.",,0521699126,9780521699129,0,3.4,Cambridge University Press,Paperback,239,2008,2008,,2/28/2017,altright,altright (#217),read,,,,0,,,0,,,,,,0,book,,,,,altright,altright
10933731,The Columbine Pilgrim,Andy Nowicki,"Nowicki, Andy",,1935965115,9781935965114,0,3.56,Counter-Currents Publishing,Hardcover,114,2011,2011,,2/28/2017,altright,altright (#216),read,,,,0,,,0,,,,,,0,book,,,,,altright,altright
13509608,Some Thoughts on Hitler and Other Essays,Irmin Vinson,"Vinson, Irmin",Kevin B. MacDonald,1935965263,9781935965268,0,3.4,Counter-Currents Publishing,Paperback,192,2012,2012,,2/28/2017,altright,altright (#215),read,,,,0,,,0,,,,,,0,book,,,,,altright,altright
13185716,Under the Nihil,Andy Nowicki,"Nowicki, Andy",,1935965247,9781935965244,0,4.2,Counter-Currents,Paperback,110,2011,2011,,2/28/2017,altright,altright (#214),read,,,,0,,,0,,,,,,0,book,,,,,altright,altright
14649152,Tikkun Olam and Other Poems,Leo Yankevich,"Yankevich, Leo",E.M. Schorb,1935965387,9781935965381,0,1,Counter-Currents Publishing,Paperback,100,2012,2012,,2/28/2017,altright,altright (#213),read,,,,0,,,0,,,,,,0,book,,,,,altright,altright
19022721,The Homo and the Negro,James J. O'Meara,"O'Meara, James J.",Greg Johnson,,,0,3.33,Counter-Currents Publishing,Kindle Edition,202,2012,2012,,2/28/2017,altright,altright (#212),read,,,,0,,,0,,,,,,0,book,,,,,altright,altright
666634,Supernatural Horror in Literature,H.P. Lovecraft,"Lovecraft, H.P.","Theodore Menten, E.F. Bleiler",0486201058,9780486201054,0,4.12,Dover Publications,Paperback,106,1973,1927,,2/28/2017,altright,altright (#211),read,,,,0,,,0,,,,,,0,book,,,,,altright,altright
160875,Batman: Shaman,Dennis O'Neil,"O'Neil, Dennis",,1563890836,9781563890833,0,3.7,DC Comics,Paperback,136,1998,1989,,2/28/2017,altright,altright (#210),read,,,,0,,,0,,,,,,0,book,,,,,altright,altright
125190,"Swallows and Amazons (Swallows and Amazons, #1)",Arthur Ransome,"Ransome, Arthur",,087923573X,9780879235734,0,3.98,David R. Godine Publisher,Paperback,315,2010,1930,,2/28/2017,altright,altright (#209),read,,,,0,,,0,,,,,,0,book,,,,,altright,altright
302625,Nemesis,Isaac Asimov,"Asimov, Isaac",,0553286285,9780553286281,0,3.75,Bantam/Spectra,Mass Market Paperback,386,1990,1989,,2/28/2017,altright,altright (#208),read,,,,0,,,0,,,,,,0,book,,,,,altright,altright
59980,Batman: Year One,Frank Miller,"Miller, Frank","David Mazzucchelli, Richmond Lewis, Dennis O'Neil",1401207529,9781401207526,0,4.23,DC Comics,Paperback,144,2005,1987,,2/28/2017,altright,altright (#207),read,,,,0,,,0,,,,,,0,book,,,,,altright,altright
17841,Foucault's Pendulum,Umberto Eco,"Eco, Umberto",William Weaver,015603297X,9780156032971,0,3.89,Harvest Books,Paperback,623,2007,1988,,2/28/2017,altright,altright (#206),read,,,,0,,,0,,,,,,0,book,,,,,altright,altright
10245602,Poor Economics: A Radical Rethinking of the Way to Fight Global Poverty,Abhijit V. Banerjee,"Banerjee, Abhijit V.",Esther Duflo,1586487981,9781586487980,0,4.2,PublicAffairs,Hardcover,320,2011,2011,,2/28/2017,altright,altright (#205),read,,,,0,,,0,,,,,,0,book,,,,,altright,altright
12623655,"Batman: Knightfall, Vol. 1",Chuck Dixon,"Dixon, Chuck","Adrienne Roy, John Constanza, Graham Nolan",1401233791,9781401233792,0,4.17,DC Comics,Paperback,630,2012,2012,,2/28/2017,altright,altright (#204),read,,,,0,,,0,,,,,,0,book,,,,,altright,altright
21859097,Demon,Jonathan Bowden,"Bowden, Jonathan",,,,0,4.67,The Palingenesis Project (Wermod and Wermod Publishing Group),Hardcover,104,2014,2014,,2/28/2017,altright,altright (#203),read,,,,0,,,0,,,,,,0,book,,,,,altright,altright
20945,Stories and Poems for Extremely Intelligent Children of All Ages,Harold Bloom,"Bloom, Harold",,0684868741,9780684868745,0,4.14,Scribner,Paperback,576,2002,2001,,2/28/2017,altright,altright (#202),read,,,,0,,,0,,,,,,0,book,,,,,altright,altright
410646,Tyr: Myth Culture Tradition: 1,Joshua Buckley,"Buckley, Joshua",,0972029206,9780972029209,0,4.23,Ultra,Paperback,286,2002,2002,,2/28/2017,altright,altright (#201),read,,,,0,,,0,,,,,,0,book,,,,,altright,altright
440071,"TYR Myth, Culture, Tradition Vol. 2 (v. 2)",Joshua Buckley,"Buckley, Joshua",,0972029214,9780972029216,0,4.38,Ultra Press,Paperback,432,2004,2004,,2/28/2017,altright,altright (#200),read,,,,0,,,0,,,,,,0,book,,,,,altright,altright
1462501,On Being A Pagan,Alain de Benoist,"Benoist, Alain de",,0972029222,9780972029223,0,3.95,Ultra,Paperback,233,2004,1981,,2/28/2017,altright,altright (#199),read,,,,0,,,0,,,,,,0,book,,,,,altright,altright
1172822,Might is Right,Ragnar Redbeard,"Redbeard, Ragnar",,0967812313,9780967812311,0,3.79,14 WORD PRESS,Paperback,208,1999,1890,,2/28/2017,altright,altright (#198),read,,,,0,,,0,,,,,,0,book,,,,,altright,altright
2421461,Tyr Myth Culture Tradition Vol. 3 (Tyr),Joshua Buckley,"Buckley, Joshua",,0972029230,9780972029230,0,4.5,Ultra,Paperback,548,2008,2008,,2/28/2017,altright,altright (#197),read,,,,0,,,0,,,,,,0,book,,,,,altright,altright
7688040,গীতবিতান,Rabindranath Tagore,"Tagore, Rabindranath",,,9788175220096,0,4.63,Visva-Bharati Granthana-Vibhaga,Paperback,1034,1974,1964,,2/28/2017,altright,altright (#196),read,,,,0,,,0,,,,,,0,book,,,,,altright,altright
11394709,Why We Fight,Guillaume Faye,"Faye, Guillaume","Michael O'Meara, Pierre Krebs",1907166181,9781907166181,0,4.18,Arktos Media Ltd,Paperback,278,2011,2011,,2/28/2017,altright,altright (#195),read,,,,0,,,0,,,,,,0,book,,,,,altright,altright
12666906,A Life in the Political Wilderness,Welf Herfurth,"Herfurth, Welf","Tomislav Sunić, Troy Southgate, Tim Johnstone",9898336277,9789898336279,0,3.91,Finis Mundi Press,Paperback,242,2011,2011,,2/28/2017,altright,altright (#194),read,,,,0,,,0,,,,,,0,book,,,,,altright,altright
13018787,Morning Crafts,Tito Perdue,"Perdue, Tito",,,,0,3.35,Arktos,Paperback,,,2012,,2/28/2017,altright,altright (#193),read,,,,0,,,0,,,,,,0,book,,,,,altright,altright
15903288,Convergence of Catastrophes,Guillaume Faye,"Faye, Guillaume",Jared Taylor,1907166467,9781907166464,0,3.94,Arktos Media Ltd,Paperback,220,2012,2012,,2/28/2017,altright,altright (#192),read,,,,0,,,0,,,,,,0,book,,,,,altright,altright
18251014,Aristokratia,K. Deva,"Deva, K.",Gwendolyn Taunton,098715818X,9780987158185,0,4.36,Manticore Press,Paperback,326,2013,2013,,2/28/2017,altright,altright (#191),read,,,,0,,,0,,,,,,0,book,,,,,altright,altright
18591048,The Wagnerian Drama,Houston Stewart Chamberlain,"Chamberlain, Houston Stewart",,1909606022,9781909606029,0,0,The Palingenesis Project (Wermod and Wermod),Hardcover,190,2013,1923,,2/28/2017,altright,altright (#190),read,,,,0,,,0,,,,,,0,book,,,,,altright,altright
20767996,Aristokratia II,K. Deva,"Deva, K.","K.R. Bolton, M. Rostowski",0987559834,9780987559838,0,4,Manticore Press,Paperback,322,2014,2014,,2/28/2017,altright,altright (#189),read,,,,0,,,0,,,,,,0,book,,,,,altright,altright
921688,Gold in the Furnace: Experiences in Post-War Germany,Savitri Devi,"Devi, Savitri",,0974626457,9780974626451,0,4.56,Black Sun Publications,Paperback,,2006,2005,,2/28/2017,altright,altright (#188),read,,,,0,,,0,,,,,,0,book,,,,,altright,altright
10850637,"Revolt Against Civilization, the Menace of the Under-Man",T. Lothrop Stoddard,"Stoddard, T. Lothrop",Kevin B. MacDonald,0956183549,9780956183545,0,3.56,The Palingenesis Project,Hardcover,262,2011,1922,,2/28/2017,altright,altright (#187),read,,,,0,,,0,,,,,,0,book,,,,,altright,altright
6378795,Siege,James N. Mason,"Mason, James N.",,,,0,3.69,Black Sun Publications,Hardcover,457,2003,1992,,2/28/2017,altright,altright (#186),read,,,,0,,,0,,,,,,0,book,,,,,altright,altright
5996924,The Impeachment of Man,Savitri Devi,"Devi, Savitri",,0939482339,9780939482337,0,4.05,Noontide Press,Paperback,156,2008,,,2/28/2017,altright,altright (#185),read,,,,0,,,0,,,,,,0,book,,,,,altright,altright
6773767,The Path of Cinnabar,Julius Evola,"Evola, Julius",,1907166025,9781907166020,0,4.51,Arktos Media Ltd,Paperback,304,2009,1972,,2/28/2017,altright,altright (#184),read,,,,0,,,0,,,,,,0,book,,,,,altright,altright
10267352,Defiance,Savitri Devi,"Devi, Savitri",,,2940024224557,0,4.39,Calcutta : A.K. Mukerji,Nook,0,,2013,,2/28/2017,altright,altright (#183),read,,,,0,,,0,,,,,,0,book,,,,,altright,altright
9358119,The Arctic Home in the Vedas,Bal Gangadhar Tilak,"Tilak, Bal Gangadhar",,1151098914,9781151098917,0,4.14,General Books,Paperback,282,2010,1903,,2/28/2017,altright,altright (#182),read,,,,0,,,0,,,,,,0,book,,,,,altright,altright
10876135,The Prison Notes,Corneliu Zelea Codreanu,"Codreanu, Corneliu Zelea",,1456540769,9781456540760,0,4,Createspace,Paperback,128,2011,1996,,2/28/2017,altright,altright (#181),read,,,,0,,,0,,,,,,0,book,,,,,altright,altright
11226411,It Cannot Be Stormed,Ernst von Salomon,"Salomon, Ernst von",Martin Häggkvist,1907166122,9781907166129,0,3.8,Arktos Media Ltd,Paperback,264,2011,1932,,2/28/2017,altright,altright (#180),read,,,,0,,,0,,,,,,0,book,,,,,altright,altright
11369375,The French Revolution in San Domingo,T. Lothrop Stoddard,"Stoddard, T. Lothrop",Kevin B. MacDonald,,9780956183569,0,4.12,The Palingenesis Project (Wermod and Wermod),Hardcover,454,2011,1914,,2/28/2017,altright,altright (#179),read,,,,0,,,0,,,,,,0,book,,,,,altright,altright
11917403,The Wasp Question,Andrew Fraser,"Fraser, Andrew",,1907166297,9781907166297,0,4.38,Arktos Media Ltd,Paperback,422,2011,2011,,2/28/2017,altright,altright (#178),read,,,,0,,,0,,,,,,0,book,,,,,altright,altright
12984117,Revolution from Above,Kerry Bolton,"Bolton, Kerry",,1907166505,9781907166501,0,4.09,Arktos Media Ltd,Paperback,258,2011,2011,,2/28/2017,altright,altright (#177),read,,,,0,,,0,,,,,,0,book,,,,,altright,altright
12991006,Beyond Human Rights,Alain de Benoist,"Benoist, Alain de","Matthew  Peters, John Black Morgan, Jacob Alexander",1907166203,9781907166204,0,3.81,Arktos,Paperback,122,2011,2011,,2/28/2017,altright,altright (#176),read,,,,0,,,0,,,,,,0,book,,,,,altright,altright
13024516,The Proclamation of London,Francis Parker Yockey,"Yockey, Francis Parker",Michael O'Meara,,,0,4.67,The Palingenesis Project (Wermod and Wermod),Hardcover,142,2012,1949,,2/28/2017,altright,altright (#175),read,,,,0,,,0,,,,,,0,book,,,,,altright,altright
16566656,The Passing of a Profit and Other Forgotten Stories,H.L. Mencken,"Mencken, H.L.",,1935965425,9781935965428,0,0,Forgotten Stories Press,Unknown Binding,205,2012,2012,,2/28/2017,altright,altright (#174),read,,,,0,,,0,,,,,,0,book,,,,,altright,altright
6397542,Can Life Prevail?,Pentti Linkola,"Linkola, Pentti","Rautio, Eetu",1907166009,9781907166006,0,3.88,Inner Traditions,Softcover,208,2009,2004,,2/28/2017,altright,altright (#173),read,,,,0,,,0,,,,,,0,book,,,,,altright,altright
8588952,A Handbook of Traditional Living,Raido,"Raido, Raido",,1907166068,9781907166068,0,3.74,Arktos Media Ltd,Paperback,100,2010,1997,,2/28/2017,altright,altright (#172),read,,,,0,,,0,,,,,,0,book,,,,,altright,altright
19925148,The Jewish Strategy,Revilo P. Oliver,"Oliver, Revilo P.",,1291209948,9781291209945,0,2.83,Lulu.com,Paperback,74,2012,2012,,2/28/2017,altright,altright (#171),read,,,,0,,,0,,,,,,0,book,,,,,altright,altright
6455904,Ouroboros or The Mechanical Extension of Mankind,Garet Garrett,"Garrett, Garet",,,,0,3.38,E.P. Dutton and Company,Hardcover,101,1926,1926,,2/28/2017,altright,altright (#170),read,,,,0,,,0,,,,,,0,book,,,,,altright,altright
25710683,Radix Journal Volume II. The Great Purge: The Deformation of the Conservative Movement,Richard  Spencer,"Spencer, Richard","Paul Edward Gottfried, Peter Brimelow, Lee Congdon, John Derbyshire, Samuel T. Francis, James Kalb, Keith Preston, William Regnery",1593680430,9781593680435,0,3,Washington Summit Publishers,Paperback,230,2015,2015,,2/28/2017,altright,altright (#169),read,,,,0,,,0,,,,,,0,book,,,,,altright,altright
10838202,"Fanged Noumena: Collected Writings, 1987-2007",Nick Land,"Land, Nick","Ray Brassier, Robin Mackay",095530878X,9780955308789,0,4.33,Urbanomic,Paperback,667,2011,2011,,2/28/2017,altright,altright (#168),read,,,,0,,,0,,,,,,0,book,,,,,altright,altright
29570801,Becoming a Barbarian,Jack Donovan,"Donovan, Jack",,0985452358,9780985452353,0,4.11,Dissonant Hum,Paperback,164,2016,,,2/28/2017,altright,altright (#167),read,,,,0,,,0,,,,,,0,book,,,,,altright,altright
5412272,The Conquest of a Continent,Madison Grant,"Grant, Madison",,159364017X,9781593640170,0,3.67,Liberty Bell Publications,Paperback,452,2004,1933,,2/28/2017,altright,altright (#166),read,,,,0,,,0,,,,,,0,book,,,,,altright,altright
11792782,"The Radical Tradition: Philosophy, Metapolitics And The Conservative Revolution",Troy Southgate,"Southgate, Troy","Tomislav Sunić, Jonathan Bowden, Michael Kleen, Wayne John Sturgeon, Alex Kurtagic, Brett Stevens, Maxim  Bozozenec",0473174979,9780473174972,0,3.86,Manticore Press,Paperback,188,2011,2011,,2/28/2017,altright,altright (#165),read,,,,0,,,0,,,,,,0,book,,,,,altright,altright
15706104,"Bowden: Thoughts and Perspectives, Volume Nine",Troy Southgate,"Southgate, Troy","K.R. Bolton, Jonathan Bowden, John Howells, Alex Kurtagic, Norman Lowell, Michèle Renouf, Peter Rushton, Wulf",,,0,4.83,Black Front Press,Paperback,150,2012,2012,,2/28/2017,altright,altright (#164),read,,,,0,,,0,,,,,,0,book,,,,,altright,altright
17252639,The Collected Writings of Mencius Moldbug - I: OL 1-14.,Mencius Moldbug,"Moldbug, Mencius",,,,0,1.67,,ebook,,,,,2/28/2017,altright,altright (#163),read,,,,0,,,0,,,,,,0,book,,,,,altright,altright
17339609,Radix Journal Volume I. The Great Erasure: The Reconstruction of White Identity,Richard  Spencer,"Spencer, Richard",,9781593680,,0,4,Washington Summit Publishers,Paperback,300,2012,2012,,2/28/2017,altright,altright (#162),read,,,,0,,,0,,,,,,0,book,,,,,altright,altright
18691226,From The Dissident Right,John Derbyshire,"Derbyshire, John",,,,0,4.06,VDare.com Books,Kindle Edition,224,2013,2013,,2/28/2017,altright,altright (#161),read,,,,0,,,0,,,,,,0,book,,,,,altright,altright
21963949,The Complete Mencius Moldbug,Mencius Moldbug,"Moldbug, Mencius",,,,0,4.5,,ebook,,,,,2/28/2017,altright,altright (#160),read,,,,0,,,0,,,,,,0,book,,,,,altright,altright
22979901,Suprahumanism: European Man and the Regeneration of History,Daniel S. Forrest,"Forrest, Daniel S.",Norman Lowell,1907166947,9781907166945,0,5,Arktos Media Ltd,Paperback,268,2014,2014,,2/28/2017,altright,altright (#159),read,,,,0,,,0,,,,,,0,book,,,,,altright,altright
25448997,Understanding Jewish Influence: A Study in Ethnic Activism,Kevin B. MacDonald,"MacDonald, Kevin B.",Samuel Francis,,,0,3.75,Washington Summit Publishers,Kindle Edition,205,2015,2015,,2/28/2017,altright,altright (#158),read,,,,0,,,0,,,,,,0,book,,,,,altright,altright
25710800,Radix Journal Volume III. Hero Complex: The Man of Tomorrow in Pulp Culture,Richard  Spencer,"Spencer, Richard",,,,0,0,Washington Summit Publishers,Paperback,,2015,2015,,2/28/2017,altright,altright (#157),read,,,,0,,,0,,,,,,0,book,,,,,altright,altright
10355,State of Emergency: The Third World Invasion and Conquest of America,Patrick J. Buchanan,"Buchanan, Patrick J.",,0312360037,9780312360030,0,3.69,Thomas Dunne Books,Hardcover,320,2006,2006,,2/28/2017,altright,altright (#156),read,,,,0,,,0,,,,,,0,book,,,,,altright,altright
252754,Where the Right Went Wrong: How Neoconservatives Subverted the Reagan Revolution and Hijacked the Bush Presidency,Patrick J. Buchanan,"Buchanan, Patrick J.",,0312341164,9780312341169,0,3.66,St. Martin's Griffin,Paperback,288,2005,2000,,2/28/2017,altright,altright (#155),read,,,,0,,,0,,,,,,0,book,,,,,altright,altright
298370,Jewish Supremacism,David  Duke,"Duke, David",,1892796058,9781892796059,0,4.08,Free Speech Pr,Hardcover,368,2007,2003,,2/28/2017,altright,altright (#154),read,,,,0,,,0,,,,,,0,book,,,,,altright,altright
401824,The Death of the West: How Dying Populations and Immigrant Invasions Imperil Our Country and Civilization,Patrick J. Buchanan,"Buchanan, Patrick J.",,0312302592,9780312302597,0,3.7,St. Martin's Griffin,Paperback,320,2002,2000,,2/28/2017,altright,altright (#153),read,,,,0,,,0,,,,,,0,book,,,,,altright,altright
765037,"A Republic, Not an Empire: Reclaiming America's Destiny",Patrick J. Buchanan,"Buchanan, Patrick J.",,0895261596,9780895261595,0,4.05,Regnery Publishing,Paperback,437,2002,1999,,2/28/2017,altright,altright (#152),read,,,,0,,,0,,,,,,0,book,,,,,altright,altright
923206,My Awakening: A Path to Racial Understanding,David  Duke,"Duke, David",Glayde Whitney,1892796007,9781892796004,0,3.89,Free Speech Books,Hardcover,717,1998,1998,,2/28/2017,altright,altright (#151),read,,,,0,,,0,,,,,,0,book,,,,,altright,altright
1302186,Shockley on Eugenics and Race: The Application of Science to the Solution of Human Problems,William Shockley,"Shockley, William",,1878465031,9781878465030,0,4.33,Scott Townsend Pub,Paperback,,1992,1992,,2/28/2017,altright,altright (#150),read,,,,0,,,0,,,,,,0,book,,,,,altright,altright
1955394,"Day of Reckoning: How Hubris, Ideology, and Greed Are Tearing America Apart",Patrick J. Buchanan,"Buchanan, Patrick J.",,0312376960,9780312376963,0,3.8,Thomas Dunne Books,Hardcover,304,2007,2007,,2/28/2017,altright,altright (#149),read,,,,0,,,0,,,,,,0,book,,,,,altright,altright
2258833,"Churchill, Hitler and ""The Unnecessary War"": How Britain Lost Its Empire and the West Lost the World",Patrick J. Buchanan,"Buchanan, Patrick J.",,030740515X,9780307405159,0,3.97,Crown,Hardcover,400,2008,2008,,2/28/2017,altright,altright (#148),read,,,,0,,,0,,,,,,0,book,,,,,altright,altright
11167391,Suicide of a Superpower: Will America Survive to 2025?,Patrick J. Buchanan,"Buchanan, Patrick J.",,0312579977,9780312579975,0,3.96,Thomas Dunne Books,Hardcover,496,2011,2011,,2/28/2017,altright,altright (#147),read,,,,0,,,0,,,,,,0,book,,,,,altright,altright
18212776,The Secret Behind Communism,David  Duke,"Duke, David",,,9781892796011,0,4.42,,Hardcover,285,2013,2013,,2/28/2017,altright,altright (#146),read,,,,0,,,0,,,,,,0,book,,,,,altright,altright
478,Bowling Alone: The Collapse and Revival of American Community,Robert D. Putnam,"Putnam, Robert D.",,0743203046,9780743203043,0,3.75,Simon & Schuster,Hardcover,544,2001,2000,,2/28/2017,altright,altright (#145),read,,,,0,,,0,,,,,,0,book,,,,,altright,altright
117039,Hitler's Second Book: The Unpublished Sequel to Mein Kampf,Adolf Hitler,"Hitler, Adolf",Gerhard L. Weinberg,1929631618,9781929631612,0,3.81,Enigma Books,Paperback,330,2006,1941,,2/28/2017,altright,altright (#144),read,,,,0,,,0,,,,,,0,book,,,,,altright,altright
182135,"A People That Shall Dwell Alone: Judaism as a Group Evolutionary Strategy, with Diaspora Peoples",Kevin B. MacDonald,"MacDonald, Kevin B.",,0595228380,9780595228386,0,3.77,iUniverse,Paperback,600,2002,1994,,2/28/2017,altright,altright (#143),read,,,,0,,,0,,,,,,0,book,,,,,altright,altright
389542,Separation and Its Discontents: Toward an Evolutionary Theory of Anti-Semitism,Kevin B. MacDonald,"MacDonald, Kevin B.",,1410792617,9781410792617,0,3.47,Authorhouse,Paperback,448,2003,1998,,2/28/2017,altright,altright (#142),read,,,,0,,,0,,,,,,0,book,,,,,altright,altright
413179,The Clash of Civilizations and the Remaking of World Order,Samuel P. Huntington,"Huntington, Samuel P.",,0684844419,9780684844411,0,3.69,Touchstone (Simon & Schuster),Paperback,368,1998,1996,,2/28/2017,altright,altright (#141),read,,,,0,,,0,,,,,,0,book,,,,,altright,altright
1358743,"The Speeches Of Adolf Hitler, April 1922 August 1939: An English Translation Of Representative Passages",Adolf Hitler,"Hitler, Adolf",,0849011078,9780849011078,0,4.2,,,,,1942,,2/28/2017,altright,altright (#140),read,,,,0,,,0,,,,,,0,book,,,,,altright,altright
814482,Understanding Jewish Influence,Kevin B. MacDonald,"MacDonald, Kevin B.",Samuel Francis,1593680171,9781593680176,0,3.5,,,,,2012,,2/28/2017,altright,altright (#139),read,,,,0,,,0,,,,,,0,book,,,,,altright,altright
166434,Empire: How Britain Made the Modern World,Niall Ferguson,"Ferguson, Niall",,0141007540,9780141007540,0,3.85,Penguin Books,Paperback,422,2003,2002,,2/28/2017,altright,altright (#138),read,,,,0,,,0,,,,,,0,book,,,,,altright,altright
8907,The War of the World: Twentieth-Century Conflict and the Descent of the West,Niall Ferguson,"Ferguson, Niall",,1594201005,9781594201004,0,4.02,"Penguin Press HC, The",Hardcover,808,2006,2006,,2/28/2017,altright,altright (#137),read,,,,0,,,0,,,,,,0,book,,,,,altright,altright
1358729,"Hitler: Speeches and Proclamations, 1932-1945 (English Volume III: 1939-1940) (Hitler: Speeches and Proclamations, 1932-1945)",Adolf Hitler,"Hitler, Adolf",,0865162301,9780865162303,0,4.49,Bolchazy-Carducci Publishers,Hardcover,962,1997,1992,,2/28/2017,altright,altright (#136),read,,,,0,,,0,,,,,,0,book,,,,,altright,altright
1505122,This Time The World,George Lincoln Rockwell,"Rockwell, George Lincoln",,1593640145,9781593640149,0,3.82,Liberty Bell Publications,Paperback,,1961,1961,,2/28/2017,altright,altright (#135),read,,,,0,,,0,,,,,,0,book,,,,,altright,altright
81201,"The Redneck Manifesto: How Hillbillies, Hicks, and White Trash Became America's Scapegoats",Jim Goad,"Goad, Jim",Leslie Phillips,0684838648,9780684838649,0,3.77,Simon & Schuster,Paperback,272,1998,1997,,2/28/2017,altright,altright (#134),read,,,,0,,,0,,,,,,0,book,,,,,altright,altright
3082635,"Hitler's War Directives, 1939-1945",Adolf Hitler,"Hitler, Adolf",,0330201468,9780330201469,0,4.04,Macmillan,,,1966,1964,,2/28/2017,altright,altright (#133),read,,,,0,,,0,,,,,,0,book,,,,,altright,altright
2509525,White Power,George Lincoln Rockwell,"Rockwell, George Lincoln",,0965649288,9780965649285,0,3.79,,,,,1967,,2/28/2017,altright,altright (#132),read,,,,0,,,0,,,,,,0,book,,,,,altright,altright
2714607,The Ascent of Money: A Financial History of the World,Niall Ferguson,"Ferguson, Niall",,1594201927,9781594201929,0,3.88,Penguin Press,Hardcover,442,2008,2007,,2/28/2017,altright,altright (#131),read,,,,0,,,0,,,,,,0,book,,,,,altright,altright
3082252,Hitler's Letters and Notes,Adolf Hitler,"Hitler, Adolf","Werner Maser, Arnold Pomerans",0553064932,9780553064933,0,3.64,Bantam,,,1977,1974,,2/28/2017,altright,altright (#130),read,,,,0,,,0,,,,,,0,book,,,,,altright,altright
54332,"Hitler's Table Talk, 1941-1944",Adolf Hitler,"Hitler, Adolf","Norman Cameron, R.H. Stevens, Hugh Trevor-Roper",1929631057,9781929631056,0,3.93,Enigma Books,Hardcover,746,2000,1953,,2/28/2017,altright,altright (#129),read,,,,0,,,0,,,,,,0,book,,,,,altright,altright
3260007,"Cultural Insurrections: Essays on Western Civilization, Jewish Influence, and Anti-Semitism",Kevin B. MacDonald,"MacDonald, Kevin B.",,0977988228,9780977988228,0,3.77,Occidental Press,Hardcover,418,2007,2007,,2/28/2017,altright,altright (#128),read,,,,0,,,0,,,,,,0,book,,,,,altright,altright
6399505,"Lights Out: Islam, Free Speech And The Twilight Of The West",Mark Steyn,"Steyn, Mark",,0973157054,9780973157055,0,4.27,Stockade Books,Hardcover,322,2009,2009,,2/28/2017,altright,altright (#127),read,,,,0,,,0,,,,,,0,book,,,,,altright,altright
6443841,After America: Get Ready for Armageddon,Mark Steyn,"Steyn, Mark",,1596981008,9781596981003,0,4.14,Regnery Publishing,Hardcover,349,2011,2010,,2/28/2017,altright,altright (#126),read,,,,0,,,0,,,,,,0,book,,,,,altright,altright
6844066,The Political Testament Of Adolf Hitler: Recorded By Martin Bormann,Adolf Hitler,"Hitler, Adolf",,1442133597,9781442133594,0,3.92,,,,,1978,,2/28/2017,altright,altright (#125),read,,,,0,,,0,,,,,,0,book,,,,,altright,altright
10475421,Civilization: The West and the Rest,Niall Ferguson,"Ferguson, Niall",,1846142733,9781846142734,0,3.78,Allen Lane,Hardcover,402,2011,2011,,2/28/2017,altright,altright (#124),read,,,,0,,,0,,,,,,0,book,,,,,altright,altright
15876366,Sociobiological Perspectives on Human Development,Kevin B. MacDonald,"MacDonald, Kevin B.",,1461283388,9781461283386,0,2.67,Springer,Paperback,405,2011,1987,,2/28/2017,altright,altright (#123),read,,,,0,,,0,,,,,,0,book,,,,,altright,altright
22609035,The Undocumented Mark Steyn,Mark Steyn,"Steyn, Mark",,1621573184,9781621573180,0,4.27,Regnery Publishing,Hardcover,448,2014,2014,,2/28/2017,altright,altright (#122),read,,,,0,,,0,,,,,,0,book,,,,,altright,altright
22609334,Our Kids: The American Dream in Crisis,Robert D. Putnam,"Putnam, Robert D.",,1476769893,9781476769899,0,4.03,Simon & Schuster,Hardcover,386,2015,2015,,2/28/2017,altright,altright (#121),read,,,,0,,,0,,,,,,0,book,,,,,altright,altright
26085162,"""A Disgrace to the Profession""",Mark Steyn,"Steyn, Mark",Josh,0986398330,9780986398339,0,4.28,Stockade Books,Paperback,320,2015,2015,,2/28/2017,altright,altright (#120),read,,,,0,,,0,,,,,,0,book,,,,,altright,altright
330451,Civilisation,Kenneth Clark,"Clark, Kenneth",,0719522404,9780719522406,0,4.25,BBC Books / John Murray,Paperback,360,1980,1969,,2/28/2017,altright,altright (#119),read,,,,0,,,0,,,,,,0,book,,,,,altright,altright
586994,The Revolt of the Elites and the Betrayal of Democracy,Christopher Lasch,"Lasch, Christopher",,0393313719,9780393313710,0,3.89,W. W. Norton & Company,Paperback,288,1996,1994,,2/28/2017,altright,altright (#118),read,,,,0,,,0,,,,,,0,book,,,,,altright,altright
1181058,The Camp of the Saints,Jean Raspail,"Raspail, Jean",Norman R. Shapiro,1881780074,9781881780076,0,3.93,Social Contract Press,Paperback,316,1994,1973,,2/28/2017,altright,altright (#117),read,,,,0,,,0,,,,,,0,book,,,,,altright,altright
1270376,Suicide of the West,James Burnham,"Burnham, James",,087000056X,9780870000560,0,4.11,Random House Value Publishing,Hardcover,320,1970,1970,,2/28/2017,altright,altright (#116),read,,,,0,,,0,,,,,,0,book,,,,,altright,altright
151878,The Culture of Narcissism: American Life in an Age of Diminishing Expectations,Christopher Lasch,"Lasch, Christopher",,0393307387,9780393307382,0,3.94,W. W. Norton & Company,Paperback,249,1991,1978,,2/28/2017,altright,altright (#115),read,,,,0,,,0,,,,,,0,book,,,,,altright,altright
5788390,"The Art Instinct: Beauty, Pleasure, and Human Evolution",Denis Dutton,"Dutton, Denis",,1596914017,9781596914018,0,3.81,Bloomsbury Press,Hardcover,278,2008,2008,,2/28/2017,altright,altright (#114),read,,,,0,,,0,,,,,,0,book,,,,,altright,altright
6110216,Mad,Jonathan Bowden,"Bowden, Jonathan",,1872181007,9781872181004,0,4.29,Avant-Garde Publishing Corporation,Paperback,,,2009,,2/28/2017,altright,altright (#113),read,,,,0,,,0,,,,,,0,book,,,,,altright,altright
6110218,Apocalypse Tv: Philosophical Dialogues,Jonathan Bowden,"Bowden, Jonathan",,0955740207,9780955740206,0,3.75,TSTC,,233,2007,2007,,2/28/2017,altright,altright (#112),read,,,,0,,,0,,,,,,0,book,,,,,altright,altright
22242648,Western Civilization Bites Back,Jonathan Bowden,"Bowden, Jonathan",Greg Johnson,,,0,4.16,Counter-Currents Publishing,Kindle Edition,238,2014,2014,,2/28/2017,altright,altright (#111),read,,,,0,,,0,,,,,,0,book,,,,,altright,altright
23929479,Soumission,Michel Houellebecq,"Houellebecq, Michel",,2081354802,9782081354807,0,3.63,Flammarion,Paperback,320,2015,2015,,2/28/2017,altright,altright (#110),read,,,,0,,,0,,,,,,0,book,,,,,altright,altright
30321491,Waking Up from the American Dream,Gregory Hood,"Hood, Gregory",Kevin B. MacDonald,,,0,4,Counter-Currents Publishing,Kindle Edition,145,2016,,,2/28/2017,altright,altright (#109),read,,,,0,,,0,,,,,,0,book,,,,,altright,altright
70407,The Abolition of Britain: From Winston Churchill to Princess Diana,Peter Hitchens,"Hitchens, Peter",,1893554392,9781893554399,0,3.89,Encounter Books,Paperback,330,2002,1999,,2/28/2017,altright,altright (#108),read,,,,0,,,0,,,,,,0,book,,,,,altright,altright
6323955,Beauty,Roger Scruton,"Scruton, Roger",,019955952X,9780199559527,0,3.86,"Oxford University Press, USA",Hardcover,223,2009,2009,,2/28/2017,altright,altright (#107),read,,,,0,,,0,,,,,,0,book,,,,,altright,altright
6556675,The Broken Compass,Peter Hitchens,"Hitchens, Peter",,1847064051,9781847064059,0,3.64,Bloomsbury Academic,Hardcover,264,2009,2009,,2/28/2017,altright,altright (#106),read,,,,0,,,0,,,,,,0,book,,,,,altright,altright
7848348,The Rage Against God: How Atheism Led Me to Faith,Peter Hitchens,"Hitchens, Peter",,0310320313,9780310320319,0,3.7,Zondervan,Hardcover,224,2010,2009,,2/28/2017,altright,altright (#105),read,,,,0,,,0,,,,,,0,book,,,,,altright,altright
424268,Ride the Tiger: A Survival Manual for the Aristocrats of the Soul,Julius Evola,"Evola, Julius","Joscelyn Godwin, Constance Fontana",0892811250,9780892811250,0,4.14,Inner Traditions,Hardcover,256,2003,1961,,2/28/2017,altright,altright (#104),read,,,,0,,,0,,,,,,0,book,,,,,altright,altright
424270,The Hermetic Tradition: Symbols and Teachings of the Royal Art,Julius Evola,"Evola, Julius",E.E. Rehmus,0892814519,9780892814510,0,4.34,Inner Traditions,Paperback,240,1995,1931,,2/28/2017,altright,altright (#103),read,,,,0,,,0,,,,,,0,book,,,,,altright,altright
447996,March of the Titans: A History of the White Race,Arthur Kemp,"Kemp, Arthur",,0620251174,9780620251174,0,4.27,Ostara Publications,Hardcover,,2006,2006,,2/28/2017,altright,altright (#102),read,,,,0,,,0,,,,,,0,book,,,,,altright,altright
3503891,"Jihad: Islam's 1,300 Year War Against Western Civilisation",Arthur Kemp,"Kemp, Arthur",,1409205029,9781409205029,0,4.8,Lulu.com,Paperback,90,2010,2008,,2/28/2017,altright,altright (#101),read,,,,0,,,0,,,,,,0,book,,,,,altright,altright
5949547,The Immigration Invasion,Arthur Kemp,"Kemp, Arthur",,140924363X,9781409243632,0,5,Ostara Publications,softcover,141,2008,2008,,2/28/2017,altright,altright (#100),read,,,,0,,,0,,,,,,0,book,,,,,altright,altright
6051142,The Lie of Apartheid and other true stories from Southern Africa,Arthur Kemp,"Kemp, Arthur",,,9781409254218,0,4.33,Ostara Publications,softcover,157,2009,2009,,2/28/2017,altright,altright (#99),read,,,,0,,,0,,,,,,0,book,,,,,altright,altright
6129610,AWAKENING: The Rise of Western Civilization,Arthur Kemp,"Kemp, Arthur",,,9781409259534,0,4.71,Ostara Publications,Hardcover,285,2009,2009,,2/28/2017,altright,altright (#98),read,,,,0,,,0,,,,,,0,book,,,,,altright,altright
11019140,Folk and Nation: Underpinning the Ethnostate,Arthur Kemp,"Kemp, Arthur",Nick Griffin,9781447594,,0,4.11,Ostara Publications,Paperback,41,2011,2009,,2/28/2017,altright,altright (#97),read,,,,0,,,0,,,,,,0,book,,,,,altright,altright
12102878,Hitler: Beyond Evil and Tyranny,Russel H.S. Stolfi,"Stolfi, Russel H.S.",,1616144742,9781616144746,0,4.04,Prometheus Books,Hardcover,520,2011,2011,,2/28/2017,altright,altright (#96),read,,,,0,,,0,,,,,,0,book,,,,,altright,altright
10947020,Confessions of a Reluctant Hater,Greg   Johnson,"Johnson, Greg",,1935965085,9781935965084,0,3.81,Counter-Currents Publishing,Paperback,166,2011,2011,,2/28/2017,altright,altright (#95),read,,,,0,,,0,,,,,,0,book,,,,,altright,altright
15889835,The Myth of German Villainy,Benton L. Bradberry,"Bradberry, Benton L.",,147723182X,9781477231821,0,4.44,Authorhouse,Hardcover,460,2012,2012,,2/28/2017,altright,altright (#94),read,,,,0,,,0,,,,,,0,book,,,,,altright,altright
19010947,The Triumph of Reason - The Thinking Man's Guide to Adolf Hitler,Michael Walsh-McLaughlin,"Walsh-McLaughlin, Michael",,,,0,4.38,Black House Publishing Ltd,Kindle Edition,196,2012,2012,,2/28/2017,altright,altright (#93),read,,,,0,,,0,,,,,,0,book,,,,,altright,altright
15959925,Trevor Lynch's White Nationalist Guide to the Movies,Trevor Lynch,"Lynch, Trevor",Greg Johnson,1935965441,9781935965442,0,3.92,Counter-Currents Publishing,Paperback,202,2013,2012,,2/28/2017,altright,altright (#92),read,,,,0,,,0,,,,,,0,book,,,,,altright,altright
17453435,Nova Europa,Arthur Kemp,"Kemp, Arthur",,9781291263,,0,4.27,Ostara Publications,Paperback,84,2013,2013,,2/28/2017,altright,altright (#91),read,,,,0,,,0,,,,,,0,book,,,,,altright,altright
18654229,White Apocalypse / The Conscience of a Right-Winger,Kyle Bristow,"Bristow, Kyle",,1492784230,9781492784234,0,4,Createspace Independent Publishing Platform,Paperback,502,2013,2013,,2/28/2017,altright,altright (#90),read,,,,0,,,0,,,,,,0,book,,,,,altright,altright
18682659,Hitler's Revolution,Richard Tedor,"Tedor, Richard",,,9780988368200,0,4.34,Richard Tedor,Paperback,293,2013,2013,,2/28/2017,altright,altright (#89),read,,,,0,,,0,,,,,,0,book,,,,,altright,altright
19186867,Heroes of the Reich,Michael Walsh-McLaughlin,"Walsh-McLaughlin, Michael",,,,0,4,,Kindle Edition,241,2012,2012,,2/28/2017,altright,altright (#88),read,,,,0,,,0,,,,,,0,book,,,,,altright,altright
19233120,A National Socialist Life,George Rockwell,"Rockwell, George",,,,0,4.17,Invictus Books,Kindle Edition,101,2011,2011,,2/28/2017,altright,altright (#87),read,,,,0,,,0,,,,,,0,book,,,,,altright,altright
18010255,"Carl Schmitt Today: Terrorism, Just War, and the State of Emergency",Alain de Benoist,"Benoist, Alain de",,1907166394,9781907166396,0,3.79,Arktos Media Ltd,Paperback,110,2013,2007,,2/28/2017,altright,altright (#86),read,,,,0,,,0,,,,,,0,book,,,,,altright,altright
19725629,Who We Are,William Luther Pierce,"Pierce, William Luther",,1291388575,9781291388572,0,4.57,Lulu.com,Paperback,344,2013,2013,,2/28/2017,altright,altright (#85),read,,,,0,,,0,,,,,,0,book,,,,,altright,altright
19842363,March of the Titans: The Complete History of the White Race: Volume I: The Rise of Europe: 1,Arthur Kemp,"Kemp, Arthur",,1480242292,9781480242296,0,4.56,CreateSpace Independent Publishing Platform,Paperback,350,2013,2013,,2/28/2017,altright,altright (#84),read,,,,0,,,0,,,,,,0,book,,,,,altright,altright
20137355,I Like the White World,Mark Butterworth,"Butterworth, Mark",,,,0,3,CreateSpace Independent Publishing Platform,Kindle Edition,158,2013,2013,,2/28/2017,altright,altright (#83),read,,,,0,,,0,,,,,,0,book,,,,,altright,altright
20425343,"The Children of Ra: Artistic, Historical, and Genetic Evidence for Ancient White Egypt",Arthur Kemp,"Kemp, Arthur",,1491215577,9781491215579,0,4.62,Ostara Publications,Paperback,82,2013,2012,,2/28/2017,altright,altright (#82),read,,,,0,,,0,,,,,,0,book,,,,,altright,altright
21012421,IQ and Race: The Complete Overview,Henry Garrrett,"Garrrett, Henry",,,,0,4,Ostara Publications,Kindle Edition,92,2013,2013,,2/28/2017,altright,altright (#81),read,,,,0,,,0,,,,,,0,book,,,,,altright,altright
25365679,The All Lies Invasion: The political and media conspiracy of lies spun over recent conflicts are recognised. Less well known the lies told about the Third Reich and Second World War.,Mike Walsh,"Walsh, Mike",,,,0,4,,Kindle Edition,119,2015,2015,,2/28/2017,altright,altright (#80),read,,,,0,,,0,,,,,,0,book,,,,,altright,altright
25437276,"¡Adios, America!: The Left's Plan to Turn Our Country into a Third World Hellhole",Ann Coulter,"Coulter, Ann",,,,0,4.11,Regnery Publishing,Kindle Edition,392,2015,2015,,2/28/2017,altright,altright (#79),read,,,,0,,,0,,,,,,0,book,,,,,altright,altright
26078987,March Of The Titans The Complete History Of The White Race,Arthur Kemp,"Kemp, Arthur",,1105328740,,0,4.62,lulu.com,Paperback,694,2012,2012,,2/28/2017,altright,altright (#78),read,,,,0,,,0,,,,,,0,book,,,,,altright,altright
120773,Paved with Good Intentions: The Failure of Race Relations in Contemporary America,Jared Taylor,"Taylor, Jared",,0965638340,9780965638340,0,4.06,New Century Books,Paperback,421,2004,1992,,2/28/2017,altright,altright (#77),read,,,,0,,,0,,,,,,0,book,,,,,altright,altright
3428244,Race And Reason,Carleton Putnam,"Putnam, Carleton",,0965638367,9780965638364,0,4.07,,,,,1980,,2/28/2017,altright,altright (#76),read,,,,0,,,0,,,,,,0,book,,,,,altright,altright
11320462,Bolshevism From Moses to Lenin,Dietrich Eckart,"Eckart, Dietrich",,,2940035861314,0,4.33,,Nook,0,,1924,,2/28/2017,altright,altright (#75),read,,,,0,,,0,,,,,,0,book,,,,,altright,altright
684479,"The Decline of the West, Vol 1: Form and Actuality",Oswald Spengler,"Spengler, Oswald",,0394421795,9780394421797,0,4.26,Alfred A. Knopf,Hardcover,480,1945,1918,,2/28/2017,altright,altright (#74),read,,,,0,,,0,,,,,,0,book,,,,,altright,altright
7076944,Das Manifest zur Brechung der Zinsknechtschaft des Geldes,Gottfried Feder,"Feder, Gottfried",,,,0,4.29,,,62,1919,1912,,2/28/2017,altright,altright (#73),read,,,,0,,,0,,,,,,0,book,,,,,altright,altright
10508578,"Hellstorm: The Death Of Nazi Germany, 1944-1947",Thomas Goodrich,"Goodrich, Thomas",,097138522X,9780971385221,0,4.3,Aberdeen Books,Hardcover,376,2010,2010,,2/28/2017,altright,altright (#72),read,,,,0,,,0,,,,,,0,book,,,,,altright,altright
17691460,The Banking Swindle: Money Creation and the State,Kerry Bolton,"Bolton, Kerry",,1908476842,9781908476845,0,4.57,Black House Publishing,Paperback,194,2013,2013,,2/28/2017,altright,altright (#71),read,,,,0,,,0,,,,,,0,book,,,,,altright,altright
17931149,Generation Identity ‒ A Declaration of War Against the '68ers,Markus Willinger,"Willinger, Markus","David Schreiber, John B. Morgan, Philippe Vardon",1907166416,9781907166419,0,3.55,Arktos,Paperback,103,2013,2013,,2/28/2017,altright,altright (#70),read,,,,0,,,0,,,,,,0,book,,,,,altright,altright
21256505,Folk and Nation: Ethnonationalism Explained,Arthur Kemp,"Kemp, Arthur",,,,0,5,Ostara Publications,Kindle Edition,51,2012,2012,,2/28/2017,altright,altright (#69),read,,,,0,,,0,,,,,,0,book,,,,,altright,altright
23547821,Face to Face with Race,Jared Taylor,"Taylor, Jared",,,,0,4.36,New Century Books,Kindle Edition,206,2014,2014,,2/28/2017,altright,altright (#68),read,,,,0,,,0,,,,,,0,book,,,,,altright,altright
655025,The Inequality of Human Races,Joseph-Arthur de Gobineau,"Gobineau, Joseph-Arthur de",,0865274304,9780865274303,0,2.94,Howard Fertig,Paperback,217,1999,1854,,2/28/2017,altright,altright (#67),read,,,,0,,,0,,,,,,0,book,,,,,altright,altright
78092,In Our Hands: A Plan to Replace the Welfare State,Charles Murray,"Murray, Charles",,0844742236,9780844742236,0,3.64,American Enterprise Institute Press,Hardcover,214,2006,2006,,2/28/2017,altright,altright (#66),read,,,,0,,,0,,,,,,0,book,,,,,altright,altright
170512,"Losing Ground: American Social Policy, 1950-1980",Charles Murray,"Murray, Charles",,0465042333,9780465042333,0,3.87,Basic Books,Paperback,346,1994,1983,,2/28/2017,altright,altright (#65),read,,,,0,,,0,,,,,,0,book,,,,,altright,altright
223556,The Bell Curve: Intelligence and Class Structure in American Life,Richard J. Herrnstein,"Herrnstein, Richard J.",Charles Murray,0684824299,9780684824291,0,3.39,Free Press,Paperback,912,1996,1994,,2/28/2017,altright,altright (#64),read,,,,0,,,0,,,,,,0,book,,,,,altright,altright
282085,"Human Accomplishment: The Pursuit of Excellence in the Arts and Sciences, 800 B.C. to 1950",Charles Murray,"Murray, Charles",,0060929642,9780060929640,0,3.86,Harper Perennial,Paperback,688,2004,2004,,2/28/2017,altright,altright (#63),read,,,,0,,,0,,,,,,0,book,,,,,altright,altright
980031,"Democracy--The God That Failed: The Economics and Politics of Monarchy, Democracy, and Natural Order",Hans-Hermann Hoppe,"Hoppe, Hans-Hermann",,0765808684,9780765808684,0,4.2,Transaction Publishers,Paperback,304,2001,2001,,2/28/2017,altright,altright (#62),read,,,,0,,,0,,,,,,0,book,,,,,altright,altright
12031563,"Coming Apart: The State of White America, 1960-2010",Charles Murray,"Murray, Charles",,0307453421,9780307453426,0,3.73,Crown Forum,Hardcover,416,2012,2012,,2/28/2017,altright,altright (#61),read,,,,0,,,0,,,,,,0,book,,,,,altright,altright
66485,The Crisis of Islam: Holy War and Unholy Terror,Bernard Lewis,"Lewis, Bernard",,0812967852,9780812967852,0,3.7,Random House Trade Paperbacks,Paperback,224,2004,,,2/28/2017,altright,altright (#60),read,,,,0,,,0,,,,,,0,book,,,,,altright,altright
27577,What Went Wrong? The Clash Between Islam & Modernity in the Middle East,Bernard Lewis,"Lewis, Bernard",,0060516054,9780060516055,0,3.48,Harper Perennial,Paperback,186,2003,2001,,2/28/2017,altright,altright (#59),read,,,,0,,,0,,,,,,0,book,,,,,altright,altright
1946717,The Myth of the Twentieth Century,Alfred Rosenberg,"Rosenberg, Alfred",,0911038477,9780911038477,0,3.51,Legion for the Survival of Freedom,Hardcover,454,1982,1930,,2/28/2017,altright,altright (#58),read,,,,0,,,0,,,,,,0,book,,,,,altright,altright
6476346,Memoirs of Alfred Rosenberg,Alfred Rosenberg,"Rosenberg, Alfred",,,,0,4.33,"Ziff-Davis Pub. Co., Chicago & NY ",Hardcover,328,1949,1949,,2/28/2017,altright,altright (#57),read,,,,0,,,0,,,,,,0,book,,,,,altright,altright
15829584,The Track of the Jew through the Ages,Alfred Rosenberg,"Rosenberg, Alfred",Alexander Jacob,1471759547,9781471759543,0,3.5,Historical Review Press,Paperback,215,2012,2012,,2/28/2017,altright,altright (#56),read,,,,0,,,0,,,,,,0,book,,,,,altright,altright
24706229,Memoirs,Alfred Rosenberg,"Rosenberg, Alfred",,,,0,3.43,Ostara Publications,Kindle Edition,216,2015,2015,,2/28/2017,altright,altright (#55),read,,,,0,,,0,,,,,,0,book,,,,,altright,altright
6781112,Nature's Eternal Religion,Ben Klassen,"Klassen, Ben",,,,0,3.77,"Ben Klassen, founder of the Church of the Creator",Paperback,,1973,1973,,2/28/2017,altright,altright (#54),read,,,,0,,,0,,,,,,0,book,,,,,altright,altright
14408997,The White Man's Bible,Ben Klassen,"Klassen, Ben",,1466352655,9781466352650,0,3.15,Createspace Independent Publishing Platform,Paperback,366,2011,1981,,2/28/2017,altright,altright (#53),read,,,,0,,,0,,,,,,0,book,,,,,altright,altright
234225,Dune,Frank Herbert,"Herbert, Frank",,0340839937,9780340839935,0,4.18,Hodder & Stoughton,Paperback,604,2006,1965,,2/28/2017,altright,altright (#52),read,,,,0,,,0,,,,,,0,book,,,,,altright,altright
1647247,Race: The Reality of Human Differences,Vincent Sarich,"Sarich, Vincent",Frank Miele,0813343224,9780813343228,0,3.29,Westview Press,Paperback,304,2005,2004,,2/28/2017,altright,altright (#51),read,,,,0,,,0,,,,,,0,book,,,,,altright,altright
1922888,The Latham Diaries,Mark Latham,"Latham, Mark",,0522852157,9780522852158,0,3.5,Not Avail,Hardcover,429,2005,2005,,2/28/2017,altright,altright (#50),read,,,,0,,,0,,,,,,0,book,,,,,altright,altright
17183648,Not Dead Yet: Labor's Post-Left Future (Quarterly Essay #49),Mark Latham,"Latham, Mark",,,9781863955973,0,3.36,Black Inc.,Paperback,101,2013,2013,,2/28/2017,altright,altright (#49),read,,,,0,,,0,,,,,,0,book,,,,,altright,altright
22851727,The Political Bubble: Why Australians Don't Trust Pollitics,Mark Latham,"Latham, Mark",,1742614078,9781742614076,0,3.33,Pan MacMillan,Mass Market Paperback,304,2014,2014,,2/28/2017,altright,altright (#48),read,,,,0,,,0,,,,,,0,book,,,,,altright,altright
19337213,The Conservative Revolution,Cory Bernardi,"Bernardi, Cory",,1922168963,9781922168962,0,3.29,Connor Court Publishing Pty Ltd,Paperback,178,2013,2013,,2/28/2017,altright,altright (#47),read,,,,0,,,0,,,,,,0,book,,,,,altright,altright
1659471,"The Decline of the West, Vol 2: Perspectives of World History",Oswald Spengler,"Spengler, Oswald",,0394421760,9780394421766,0,4.44,Alfred A. Knopf,Hardcover,560,1945,1922,,2/28/2017,altright,altright (#46),read,,,,0,,,0,,,,,,0,book,,,,,altright,altright
225468,Industrial Society and Its Future,Theodore J. Kaczynski,"Kaczynski, Theodore J.",,,,0,3.79,,Paperback,149,1995,1995,,2/28/2017,altright,altright (#45),read,,,,0,,,0,,,,,,0,book,,,,,altright,altright
12091888,سيكولوجية الجماهير,Gustave Le Bon,"Bon, Gustave Le","هاشم صالح, غوستاف لوبون",,9781855168152,0,3.87,دار الساقي,Paperback,223,2011,1895,,2/28/2017,altright,altright (#44),read,,,,0,,,0,,,,,,0,book,,,,,altright,altright
8836186,"Technological Slavery: The collected writings of Theodore J. Kaczynski, a.k.a. ""The Unabomber""",Theodore J. Kaczynski,"Kaczynski, Theodore J.",David Skrbina,193259583X,9781932595833,0,3.97,Feral House,ebook,431,2010,2010,,2/28/2017,altright,altright (#43),read,,,,0,,,0,,,,,,0,book,,,,,altright,altright
26891268,Crippled America: How to Make America Great Again,Donald J. Trump,"Trump, Donald J.",,1501137964,9781501137969,0,3.47,Threshold Editions,Hardcover,193,2015,2015,,2/28/2017,altright,altright (#42),read,,,,0,,,0,,,,,,0,book,,,,,altright,altright
48292,Not Out of Africa: How Afrocentrism Became an Excuse to Teach Myth as History,Mary Lefkowitz,"Lefkowitz, Mary",,046509838X,9780465098385,0,3.53,Basic Books,Paperback,297,1997,1996,,2/28/2017,altright,altright (#41),read,,,,0,,,0,,,,,,0,book,,,,,altright,altright
654025,Black Athena Revisited,Mary Lefkowitz,"Lefkowitz, Mary",Guy Maclean Rogers,0807845558,9780807845554,0,3,University of North Carolina Press,Paperback,544,1996,1996,,2/28/2017,altright,altright (#40),read,,,,0,,,0,,,,,,0,book,,,,,altright,altright
2276884,History Lesson: A Race Odyssey,Mary Lefkowitz,"Lefkowitz, Mary",,030012659X,9780300126594,0,3.89,Yale University Press,Hardcover,208,2008,2008,,2/28/2017,altright,altright (#39),read,,,,0,,,0,,,,,,0,book,,,,,altright,altright
393527,The Synagogue of Satan: The Secret History of Jewish World Domination,Andrew Carrington Hitchcock,"Hitchcock, Andrew Carrington",,1930004451,9781930004450,0,3.87,Rivercrest Publishing,Paperback,317,2007,2007,,2/28/2017,altright,altright (#38),read,,,,0,,,0,,,,,,0,book,,,,,altright,altright
106169,"The Black Book of Communism: Crimes, Terror, Repression",Stéphane Courtois,"Courtois, Stéphane","Andrzej Paczkowski, Karel Bartosek",0674076087,9780674076082,0,4.1,Harvard University Press,Hardcover,858,1999,1997,,2/28/2017,altright,altright (#37),read,,,,0,,,0,,,,,,0,book,,,,,altright,altright
6363664,America's Half-Blood Prince: Barack Obama's Story of Race and Inheritance,Steve Sailer,"Sailer, Steve",,0578000377,9780578000374,0,4,Vdare Foundation,Paperback,320,2009,2008,,2/28/2017,altright,altright (#36),read,,,,0,,,0,,,,,,0,book,,,,,altright,altright
30112,America Alone: The End of the World As We Know It,Mark Steyn,"Steyn, Mark",,0895260786,9780895260789,0,4.15,Regnery Publishing,Hardcover,224,2006,2006,,2/28/2017,altright,altright (#35),read,,,,0,,,0,,,,,,0,book,,,,,altright,altright
179404,Revolt Against the Modern World,Julius Evola,"Evola, Julius",Guido Stucco,089281506X,9780892815067,0,4.27,Inner Traditions,Hardcover,375,1995,1934,,2/28/2017,altright,altright (#34),read,,,,0,,,0,,,,,,0,book,,,,,altright,altright
12284775,Summoning the Gods,Collin Cleary,"Cleary, Collin","Cleary Collin, Greg Johnson",1935965220,9781935965220,0,4.11,Counter-Currents Publishing,Paperback,216,2011,2011,,2/28/2017,altright,altright (#33),read,,,,0,,,0,,,,,,0,book,,,,,altright,altright
18064155,Pulp Fascism,Jonathan Bowden,"Bowden, Jonathan",,1935965646,9781935965640,0,4.22,Counter-Currents Publishing,Paperback,204,2013,2013,,2/28/2017,altright,altright (#32),read,,,,0,,,0,,,,,,0,book,,,,,altright,altright
15959920,Artists of the Right,Kerry Bolton,"Bolton, Kerry",,1935965131,9781935965138,0,4.4,Counter-Currents Publishing,Hardcover,208,2012,2012,,2/28/2017,altright,altright (#31),read,,,,0,,,0,,,,,,0,book,,,,,altright,altright
11162887,Taking Our Own Side,Michael J. Polignano,"Polignano, Michael J.",,1935965050,9781935965053,0,4,Counter-Currents Publishing,Paperback,204,2010,2010,,2/28/2017,altright,altright (#30),read,,,,0,,,0,,,,,,0,book,,,,,altright,altright
6619732,The Dispossessed Majority,Wilmot Robertson,"Robertson, Wilmot",,,,0,4.36,Howard Allen Enterprises,,635,,,,2/28/2017,altright,altright (#29),read,,,,0,,,0,,,,,,0,book,,,,,altright,altright
2371909,"New Culture, New Right: Anti-Liberalism in Postmodern Europe",Michael O'Meara,"O'Meara, Michael",,1410764613,9781410764614,0,4.29,Authorhouse,Paperback,236,2004,2004,,2/28/2017,altright,altright (#28),read,,,,0,,,0,,,,,,0,book,,,,,altright,altright
17445371,Fascism Viewed from the Right,Julius Evola,"Evola, Julius","E. Christian Kopff, John B. Morgan",1907166858,9781907166853,0,3.96,Arktos Media Ltd,Paperback,130,2013,1974,,2/28/2017,altright,altright (#27),read,,,,0,,,0,,,,,,0,book,,,,,altright,altright
17872254,Notes on the Third Reich,Julius Evola,"Evola, Julius",,1907166866,9781907166860,0,4.1,Arktos Media Ltd,Paperback,96,2013,1974,,2/28/2017,altright,altright (#26),read,,,,0,,,0,,,,,,0,book,,,,,altright,altright
13550075,Fighting for the Essence: Western Ethnosuicide or European Renaissance?,Pierre Krebs,"Krebs, Pierre",,1907166599,9781907166594,0,3.88,Arktos,Paperback,103,2012,2002,,2/28/2017,altright,altright (#25),read,,,,0,,,0,,,,,,0,book,,,,,altright,altright
8325112,The Passing Of The Great Race Or The Racial Basis Of European History,Madison Grant,"Grant, Madison",,,,0,3.41,,Kindle Edition,,,1916,,2/28/2017,altright,altright (#24),read,,,,0,,,0,,,,,,0,book,,,,,altright,altright
10640497,The Problem of Democracy,Alain de Benoist,"Benoist, Alain de",Tomislav Sunić,1907166173,9781907166174,0,4.14,Arktos Media Ltd,Hardcover,106,2011,1986,,2/28/2017,altright,altright (#23),read,,,,0,,,0,,,,,,0,book,,,,,altright,altright
13572289,The Way of Men,Jack Donovan,"Donovan, Jack",,0985452307,9780985452308,0,3.88,Dissonant Hum,Paperback,170,2012,2012,,2/28/2017,altright,altright (#22),read,,,,0,,,0,,,,,,0,book,,,,,altright,altright
11450904,White Identity: Racial Consciousness in the 21st Century,Jared Taylor,"Taylor, Jared",,0965638391,9780965638395,0,4.16,New Century Books,Paperback,344,2011,2011,,2/28/2017,altright,altright (#21),read,,,,0,,,0,,,,,,0,book,,,,,altright,altright
25922035,An Open Letter to Open-Minded Progressives,Mencius Moldbug,"Moldbug, Mencius",Lex Corvus,,,0,4.31,Unqualified Reservations,Kindle Edition,319,2015,2015,,2/28/2017,altright,altright (#20),read,,,,0,,,0,,,,,,0,book,,,,,altright,altright
26168300,SJWs Always Lie: Taking Down the Thought Police,Vox Day,"Day, Vox",Milo Yiannopoulos,,,0,4.1,Castalia House,Kindle Edition,236,2015,2015,,2/28/2017,altright,altright (#19),read,,,,0,,,0,,,,,,0,book,,,,,altright,altright
28104503,"Cuckservative: How ""Conservatives"" Betrayed America",John Red Eagle,"Eagle, John Red","Vox Day, Mike Cernovich",,,0,4.33,Castalia House,Kindle Edition,190,2015,,,2/28/2017,altright,altright (#18),read,,,,0,,,0,,,,,,0,book,,,,,altright,altright
29908546,"Technology, Communism and the Brown Scare",Mencius Moldbug,"Moldbug, Mencius",,,,0,4.25,Unqualified Reservations,Kindle Edition,27,2016,,,2/28/2017,altright,altright (#17),read,,,,0,,,0,,,,,,0,book,,,,,altright,altright
30090454,Moldbug on Carlyle,Mencius Moldbug,"Moldbug, Mencius",,,,0,4.5,Unqualified Reservations,Kindle Edition,83,2016,,,2/28/2017,altright,altright (#16),read,,,,0,,,0,,,,,,0,book,,,,,altright,altright
54270,Mein Kampf,Adolf Hitler,"Hitler, Adolf",,0395083621,9780395083628,0,3.09,Houghton Mifflin - Sentry Edition,Paperback,384,1971,1925,,2/28/2017,altright,altright (#15),read,,,,0,,,0,,,,,,0,book,,,,,altright,altright
424283,Men Among the Ruins: Post-War Reflections of a Radical Traditionalist,Julius Evola,"Evola, Julius",Joscelyn Godwin,0892819057,9780892819058,0,4.22,Inner Traditions,Paperback,328,2002,1990,,2/28/2017,altright,altright (#14),read,,,,0,,,0,,,,,,0,book,,,,,altright,altright
18523035,Tales of New America,Gunther Roosevelt,"Roosevelt, Gunther",,,,0,3.43,Callister Green,Kindle Edition,243,2013,2013,,2/28/2017,altright,altright (#13),read,,,,0,,,0,,,,,,0,book,,,,,altright,altright
530270,The Turner Diaries,Andrew MacDonald,"MacDonald, Andrew",William Luther Pierce,1569800863,9781569800867,0,2.97,Barricade Books,Paperback,211,1978,1978,,2/28/2017,altright,altright (#12),read,,,,0,,,0,,,,,,0,book,,,,,altright,altright
801754,The Decline of the West,Oswald Spengler,"Spengler, Oswald",,0195066340,9780195066340,0,4.07,"Oxford University Press, USA",Paperback,492,1991,1918,,2/28/2017,altright,altright (#11),read,,,,0,,,0,,,,,,0,book,,,,,altright,altright
224127,The Israel Lobby and U.S. Foreign Policy,John J. Mearsheimer,"Mearsheimer, John J.",Stephen M. Walt,0374177724,9780374177720,0,3.94,"Farrar, Straus and Giroux",Hardcover,484,2007,2006,,2/28/2017,altright,altright (#10),read,,,,0,,,0,,,,,,0,book,,,,,altright,altright
356414,Ethnic Conflicts Explained by Ethnic Nepotism,Tatu Vanhanen,"Vanhanen, Tatu",,0762305835,9780762305834,0,5,Emerald Group Publishing,Hardcover,392,1999,1999,,2/28/2017,altright,altright (#9),read,,,,0,,,0,,,,,,0,book,,,,,altright,altright
791032,Eugenics: A Reassessment,Richard Lynn,"Lynn, Richard",,0275958221,9780275958220,0,3.53,Praeger Publishers,Hardcover,380,2001,2001,,2/28/2017,altright,altright (#8),read,,,,0,,,0,,,,,,0,book,,,,,altright,altright
15991018,Did six million really die ?,Richard E. Harwood,"Harwood, Richard E.",,9544491929,,0,3.84,,,108,2006,1974,,2/28/2017,altright,altright (#7),read,,,,0,,,0,,,,,,0,book,,,,,altright,altright
9436017,Archeofuturism,Guillaume Faye,"Faye, Guillaume",Michael O'Meara,1907166092,9781907166099,0,3.97,Arktos Media Ltd,Paperback,252,2010,1999,,2/28/2017,altright,altright (#6),read,,,,0,,,0,,,,,,0,book,,,,,altright,altright
20706963,New Right vs. Old Right,Greg   Johnson,"Johnson, Greg",,,,0,3.83,Counter-Currents Publishing,,248,2013,2013,,2/28/2017,altright,altright (#5),read,,,,0,,,0,,,,,,0,book,,,,,altright,altright
19221751,"North American New Right, Volume One",Greg   Johnson,"Johnson, Greg","Harold Covington, F. Roger Devlin, Kerry Bolton, Jonathan Bowden, Alain de Benoist, Michael O'Meara, Alex Kurtagic, Guillaume Faye, Julius Evola",,,0,4.15,Counter-Currents Publishing,Kindle Edition,373,2013,2012,,2/28/2017,altright,altright (#4),read,,,,0,,,0,,,,,,0,book,,,,,altright,altright
243604,Imperium,Francis Parker Yockey,"Yockey, Francis Parker",,0911038108,9780911038101,0,4.02,Legion for the Survival of Freedom,Paperback,626,1962,2000,,2/28/2017,altright,altright (#3),read,,,,0,,,0,,,,,,0,book,,,,,altright,altright
15785079,The Fourth Political Theory,Alexander Dugin,"Dugin, Alexander",Александр Дугин,1907166653,9781907166655,0,3.44,Arktos Media Ltd.,Paperback,211,2012,2009,,2/28/2017,altright,altright (#2),read,,,,0,,,0,,,,,,0,book,,,,,altright,altright
182136,The Culture of Critique: An Evolutionary Analysis of Jewish Involvement in Twentieth-Century Intellectual and Political Movements,Kevin B. MacDonald,"MacDonald, Kevin B.",,0759672229,9780759672222,0,4.32,1st Book Library,Paperback,544,2002,1998,,2/28/2017,altright,altright (#1),read,,,,0,,,0,,,,,,0,book,,,,,altright,altright